{
    "loss": 0.8463526368141174,
    "accuracy": 0.8181818127632141
}