{
    "loss": 9.327776908874512,
    "accuracy": 0.4145454466342926
}