{
    "loss": 11.1119384765625,
    "accuracy": 0.3309091031551361
}